id,first_name,last_name,email,gender
1,Reynolds,Leyland,rleyland0@guardian.co.uk,Male
2,Amelie,Welbourn,awelbourn1@hao123.com,Female
3,Salvador,Keene,skeene2@squarespace.com,Polygender
4,Aguistin,Huddlestone,ahuddlestone3@chron.com,Male
5,Nellie,Probetts,nprobetts4@163.com,Female
6,Felipa,Batting,fbatting5@pcworld.com,Female
7,Fleurette,Ellings,fellings6@mit.edu,Female
8,Brett,Banishevitz,bbanishevitz7@ihg.com,Male
9,Marlon,Labat,mlabat8@nationalgeographic.com,Male
10,Christye,Yeliashev,cyeliashev9@example.com,Genderfluid
11,Tully,Poppleton,tpoppletona@icq.com,Male
12,Westleigh,Yeo,wyeob@hud.gov,Male
13,Marji,MacKonochie,mmackonochiec@ihg.com,Female
14,Clea,Cominotti,ccominottid@bbb.org,Female
15,Dexter,Putman,dputmane@ftc.gov,Male
16,Beitris,Hardistry,bhardistryf@ucoz.com,Female
17,Octavia,Erangey,oerangeyg@jiathis.com,Female
18,Myrtice,Blakeden,mblakedenh@goo.ne.jp,Female
19,Andrew,O'Loinn,aoloinni@indiatimes.com,Male
20,Babita,Livzey,blivzeyj@skyrock.com,Female
